accession	label
AY382883.1	Unknown
AY382884.1	Unknown
AY382885.1	Unknown
AY382886.1	Unknown
AY382887.1	Unknown
AY382888.1	Unknown
AY382889.1	Unknown
AY382890.1	Unknown
AY382891.1	Unknown
AY382892.1	Unknown
AY382893.1	Unknown
AY506547.1	Goose
AY512830.1	Unknown
EF515837.1	Muscovy duck
EU088101.1	Unknown
EU088102.1	Unknown
EU088103.1	Unknown
EU583389.1	Goose
EU583390.1	Goose
EU583391.1	Goose
EU583392.1	Goose
HQ891825.1	Goose
JF333590.1	Goose
JF926695.1	Muscovy duck
JF926696.1	Muscovy duck
JF926697.1	Muscovy duck
JF926698.1	Muscovy duck
KC171936.1	Muscovy duck
KC478066.1	Swan
KC996729.1	Goose
KC996730.1	Goose
KM093740.1	Muscovy duck
KM272560.1	Goose
KR029614.1	Muscovy duck
KR029617.1	Muscovy duck
KT232256.1	Goose
KT343253.1	Duck
KT598505.1	Goose
KT598506.1	Goose
KT751090.1	Duck
KT865605.1	Muscovy duck
KT935536.2	Duck
KU589295.1	Muscovy duck
KU684472.1	Duck
KU844281.1	Muscovy duck
KU844282.1	Muscovy duck
KU844283.1	Duck
KX000918.1	Muscovy duck
KX384726.2	Duck
KY069274.1	Duck
KY475562.1	Goose
KY511124.1	Duck
KY511292.1	Goose
KY511293.1	Muscovy duck
KY679174.1	Duck
KY744743.1	Muscovy duck
LC651623.1	Goose
MF438102.1	Duck
MF441221.1	Duck
MF441222.1	Duck
MF441223.1	Duck
MF441224.1	Duck
MF441225.1	Duck
MF441226.1	Duck
MF441227.1	Duck
MF942875.1	Duck
MF942876.1	Goose
MF962899.1	Duck
MF962900.1	Goose
MG932366.1	Muscovy duck
MH204100.1	Muscovy duck
MH209633.1	Goose
MH444513.1	Duck
MH444514.1	Duck
MH717783.2	Duck
MH717784.1	Goose
MH717785.1	Goose
MH807445.1	Muscovy duck
MH807697.1	Muscovy duck
MH807698.1	Muscovy duck
MK000549.1	Duck
MK737642.1	Duck
MN356043.1	Duck
MN356044.1	Duck
MN356045.1	Duck
MN415966.1	Duck
MN415967.1	Duck
MN415968.1	Duck
MN415969.1	Duck
MN415970.1	Duck
MN415971.1	Duck
MN415972.1	Duck
MN549532.1	Duck
MN549533.1	Duck
MN824419.1	Muscovy duck
MT394162.1	Duck
MT450871.1	Unknown
MT646163.1	Duck
MT646164.1	Duck
MT646165.1	Duck
MT934402.1	Muscovy duck
MT939902.1	Goose
MT939903.1	Goose
MT939904.1	Goose
MW147177.1	Duck
MW147178.1	Duck
MW147179.1	Duck
MW147180.1	Duck
MW386077.1	Goose
MW386078.1	Goose
MW386079.1	Goose
MW588037.1	Unknown
MW929337.1	Muscovy duck
MZ334491.1	Muscovy duck
MZ359667.1	Duck
NC_001701.1	Goose
OK392126.1	Goose
ON416871.1	Goose
ON462342.1	Duck
ON462343.1	Duck
ON462344.1	Duck
ON462345.1	Duck
ON462346.1	Duck
ON462347.1	Duck
ON462348.1	Duck
ON462349.1	Duck
ON462350.1	Duck
ON462351.1	Duck
ON462352.1	Duck
ON637108.1	Goose
OP265005.1	Duck
OP265006.1	Duck
OP265007.1	Duck
OP265008.1	Duck
OP590148.1	Goose
OQ161620.1	Duck
OQ301812.1	Duck
OQ301813.1	Muscovy duck
OQ623690.1	Duck
OQ623691.1	Duck
OQ623692.1	Duck
OQ732630.1	Goose
OR157985.1	Muscovy duck
OR413178.1	Goose
OR416224.1	Unknown
OR416225.1	Unknown
OR416226.1	Unknown
OR518407.1	Muscovy duck
OR532763.1	Goose
OR532764.1	Goose
OR544341.1	Goose
PP068765.1	Duck
PP068766.1	Duck
PP068767.1	Duck
PP068768.1	Duck
PP068769.1	Duck
PP068770.1	Duck
PP068771.1	Duck
PP068772.1	Duck
PQ110062.1	Unknown
PQ110063.1	Unknown
PQ110064.1	Unknown
PQ110065.1	Unknown
PQ110066.1	Unknown
PQ110067.1	Unknown
PQ110068.1	Unknown
PQ206310.1	Goose
PQ241039.1	Duck
PQ241040.1	Duck
PQ241041.1	Duck
PQ272760.1	Goose
PQ316314.1	Duck
PQ536887.1	Unknown
PQ593523.1	Duck
PQ593524.1	Duck
PQ593525.1	Duck
PQ593526.1	Duck
PQ593527.1	Duck
PQ593528.1	Duck
PQ611594.1	Duck
PQ611595.1	Goose
PQ611596.1	Duck
PQ807633.1	Duck
PQ807634.1	Duck
PQ807635.1	Duck
PQ807636.1	Duck
PQ807637.1	Duck
PV359174.1	Goose
U34761.1	Goose
X75093.1	Unknown
