accession	true_label	pred_label	confidence	label	UMAP_1	UMAP_2	is_mismatch
AY382885.1	Unknown	Goose	1.0	Unknown	-0.44815978	-6.972345	False
AY382886.1	Unknown	Goose	1.0	Unknown	-0.34150663	-7.0925503	False
AY512830.1	Unknown	Goose	1.0	Unknown	3.761452	12.602439	False
EU088101.1	Unknown	Goose	1.0	Unknown	3.6992478	12.834653	False
OR416226.1	Unknown	Duck	1.0	Unknown	0.2577667	-8.66717	False
OR416224.1	Unknown	Duck	1.0	Unknown	1.97214	-3.0197783	False
OR416225.1	Unknown	Duck	1.0	Unknown	0.21590137	-8.784513	False
AY382884.1	Unknown	Goose	0.9999952287476486	Unknown	6.6270623	17.22257	False
MW588037.1	Unknown	Goose	0.9183992799462898	Unknown	-0.10455007	-4.448032	False
PQ110066.1	Unknown	Muscovy duck	0.9117518678891726	Unknown	3.948719	7.6180816	True
PQ110065.1	Unknown	Muscovy duck	0.9102168085556986	Unknown	3.4693463	7.609609	True
PQ110063.1	Unknown	Muscovy duck	0.9076558892649154	Unknown	3.802134	7.463726	True
PQ110062.1	Unknown	Muscovy duck	0.9076558892649154	Unknown	3.8990297	7.550641	True
PQ110064.1	Unknown	Muscovy duck	0.9026281991301108	Unknown	3.7174125	7.5341315	True
PQ110068.1	Unknown	Muscovy duck	0.8907191353227761	Unknown	3.3893523	7.4155846	True
X75093.1	Unknown	Muscovy duck	0.876037033763026	Unknown	3.9667177	7.2111845	False
AY382891.1	Unknown	Muscovy duck	0.862940601045409	Unknown	4.044077	8.044235	False
PQ536887.1	Unknown	Goose	0.8571428571428572	Unknown	7.3042483	15.290035	False
AY382887.1	Unknown	Goose	0.8553447294395171	Unknown	6.508437	16.526575	False
AY382893.1	Unknown	Muscovy duck	0.8522990625080155	Unknown	4.1895175	7.882692	False
