label,color,group
AY382883.1,#BDBDBD,Unknown
AY382884.1,#BDBDBD,Unknown
AY382885.1,#BDBDBD,Unknown
AY382886.1,#BDBDBD,Unknown
AY382887.1,#BDBDBD,Unknown
AY382888.1,#BDBDBD,Unknown
AY382889.1,#BDBDBD,Unknown
AY382890.1,#BDBDBD,Unknown
AY382891.1,#BDBDBD,Unknown
AY382892.1,#BDBDBD,Unknown
AY382893.1,#BDBDBD,Unknown
AY506547.1,#2E7D32,Goose
AY510603.1,#BDBDBD,Unknown
AY512830.1,#BDBDBD,Unknown
EF515837.1,#E76F51,Muscovy duck
EU088101.1,#BDBDBD,Unknown
EU088102.1,#BDBDBD,Unknown
EU088103.1,#BDBDBD,Unknown
EU583389.1,#2E7D32,Goose
EU583390.1,#2E7D32,Goose
EU583391.1,#2E7D32,Goose
EU583392.1,#2E7D32,Goose
HQ891825.1,#2E7D32,Goose
JF333590.1,#2E7D32,Goose
JF926695.1,#E76F51,Muscovy duck
JF926696.1,#E76F51,Muscovy duck
JF926697.1,#E76F51,Muscovy duck
JF926698.1,#E76F51,Muscovy duck
KC171936.1,#E76F51,Muscovy duck
KC178571.1,#E76F51,Muscovy duck
KC184133.1,#2E7D32,Goose
KC478066.1,#8E44AD,Swan
KC996729.1,#2E7D32,Goose
KC996730.1,#2E7D32,Goose
KM093740.1,#E76F51,Muscovy duck
KM272560.1,#2E7D32,Goose
KR029614.1,#E76F51,Muscovy duck
KR029616.1,#E76F51,Muscovy duck
KR029617.1,#E76F51,Muscovy duck
KR075688.1,#E76F51,Muscovy duck
KR075689.1,#E76F51,Muscovy duck
KR091960.1,#2E7D32,Goose
KR136258.1,#2E7D32,Goose
KT232256.1,#2E7D32,Goose
KT343253.1,#1E88E5,Duck
KT598505.1,#2E7D32,Goose
KT598506.1,#2E7D32,Goose
KT751090.1,#1E88E5,Duck
KT865605.1,#E76F51,Muscovy duck
KT935536.2,#1E88E5,Duck
KU589295.1,#E76F51,Muscovy duck
KU641558.1,#1E88E5,Duck
KU684472.1,#1E88E5,Duck
KU844281.1,#E76F51,Muscovy duck
KU844282.1,#E76F51,Muscovy duck
KU844283.1,#1E88E5,Duck
KX000918.1,#E76F51,Muscovy duck
KX384726.2,#1E88E5,Duck
KY069274.1,#1E88E5,Duck
KY475562.1,#2E7D32,Goose
KY511124.1,#1E88E5,Duck
KY511292.1,#2E7D32,Goose
KY511293.1,#E76F51,Muscovy duck
KY679174.1,#1E88E5,Duck
KY744743.1,#E76F51,Muscovy duck
LC651623.1,#2E7D32,Goose
MF438102.1,#1E88E5,Duck
MF441221.1,#1E88E5,Duck
MF441222.1,#1E88E5,Duck
MF441223.1,#1E88E5,Duck
MF441224.1,#1E88E5,Duck
MF441225.1,#1E88E5,Duck
MF441226.1,#1E88E5,Duck
MF441227.1,#1E88E5,Duck
MF581299.1,#2E7D32,Goose
MF581300.1,#2E7D32,Goose
MF581301.1,#2E7D32,Goose
MF581302.1,#2E7D32,Goose
MF627687.1,#1E88E5,Duck
MF627688.1,#1E88E5,Duck
MF627689.1,#1E88E5,Duck
MF627690.1,#1E88E5,Duck
MF942875.1,#1E88E5,Duck
MF942876.1,#2E7D32,Goose
MF962899.1,#1E88E5,Duck
MF962900.1,#2E7D32,Goose
MG932366.1,#E76F51,Muscovy duck
MH204100.1,#E76F51,Muscovy duck
MH209633.1,#2E7D32,Goose
MH444513.1,#1E88E5,Duck
MH444514.1,#1E88E5,Duck
MH717783.2,#1E88E5,Duck
MH717784.1,#2E7D32,Goose
MH717785.1,#2E7D32,Goose
MH807445.1,#E76F51,Muscovy duck
MH807697.1,#E76F51,Muscovy duck
MH807698.1,#E76F51,Muscovy duck
MK000549.1,#1E88E5,Duck
MK737642.1,#1E88E5,Duck
MN356043.1,#1E88E5,Duck
MN356044.1,#1E88E5,Duck
MN356045.1,#1E88E5,Duck
MN415966.1,#1E88E5,Duck
MN415967.1,#1E88E5,Duck
MN415968.1,#1E88E5,Duck
MN415969.1,#1E88E5,Duck
MN415970.1,#1E88E5,Duck
MN415971.1,#1E88E5,Duck
MN415972.1,#1E88E5,Duck
MN549532.1,#1E88E5,Duck
MN549533.1,#1E88E5,Duck
MN824419.1,#E76F51,Muscovy duck
MT394162.1,#1E88E5,Duck
MT450871.1,#E76F51,Muscovy duck
MT646163.1,#1E88E5,Duck
MT646164.1,#1E88E5,Duck
MT646165.1,#1E88E5,Duck
MT646346.1,#1E88E5,Duck
MT934402.1,#E76F51,Muscovy duck
MT939902.1,#2E7D32,Goose
MT939903.1,#2E7D32,Goose
MT939904.1,#2E7D32,Goose
MW147177.1,#1E88E5,Duck
MW147178.1,#1E88E5,Duck
MW147179.1,#1E88E5,Duck
MW147180.1,#1E88E5,Duck
MW386077.1,#2E7D32,Goose
MW386078.1,#2E7D32,Goose
MW386079.1,#2E7D32,Goose
MW588037.1,#BDBDBD,Unknown
MW811196.1,#BDBDBD,Unknown
MW811198.1,#1E88E5,Duck
MW811199.1,#1E88E5,Duck
MW929337.1,#E76F51,Muscovy duck
MZ334491.1,#E76F51,Muscovy duck
MZ359667.1,#1E88E5,Duck
OK392126.1,#2E7D32,Goose
ON416871.1,#2E7D32,Goose
ON462342.1,#1E88E5,Duck
ON462343.1,#1E88E5,Duck
ON462344.1,#1E88E5,Duck
ON462345.1,#1E88E5,Duck
ON462346.1,#1E88E5,Duck
ON462347.1,#1E88E5,Duck
ON462348.1,#1E88E5,Duck
ON462349.1,#1E88E5,Duck
ON462350.1,#1E88E5,Duck
ON462351.1,#1E88E5,Duck
ON462352.1,#1E88E5,Duck
ON637108.1,#2E7D32,Goose
OP265005.1,#1E88E5,Duck
OP265006.1,#1E88E5,Duck
OP265007.1,#1E88E5,Duck
OP265008.1,#1E88E5,Duck
OP590148.1,#2E7D32,Goose
OQ161620.1,#1E88E5,Duck
OQ301812.1,#1E88E5,Duck
OQ301813.1,#E76F51,Muscovy duck
OQ623690.1,#1E88E5,Duck
OQ623691.1,#1E88E5,Duck
OQ623692.1,#1E88E5,Duck
OQ732630.1,#2E7D32,Goose
OQ941787.1,#2E7D32,Goose
OQ941788.1,#2E7D32,Goose
OR157985.1,#E76F51,Muscovy duck
OR413178.1,#2E7D32,Goose
OR416224.1,#BDBDBD,Unknown
OR416225.1,#BDBDBD,Unknown
OR416226.1,#BDBDBD,Unknown
OR518407.1,#E76F51,Muscovy duck
OR532763.1,#2E7D32,Goose
OR532764.1,#2E7D32,Goose
OR544341.1,#2E7D32,Goose
OR777281.1,#1E88E5,Duck
PP068765.1,#1E88E5,Duck
PP068766.1,#1E88E5,Duck
PP068767.1,#1E88E5,Duck
PP068768.1,#1E88E5,Duck
PP068769.1,#1E88E5,Duck
PP068770.1,#1E88E5,Duck
PP068771.1,#1E88E5,Duck
PP068772.1,#1E88E5,Duck
PP763298.1,#E76F51,Muscovy duck
PQ110062.1,#E76F51,Muscovy duck
PQ110063.1,#E76F51,Muscovy duck
PQ110064.1,#E76F51,Muscovy duck
PQ110065.1,#E76F51,Muscovy duck
PQ110066.1,#E76F51,Muscovy duck
PQ110067.1,#E76F51,Muscovy duck
PQ110068.1,#E76F51,Muscovy duck
PQ206310.1,#2E7D32,Goose
PQ241039.1,#1E88E5,Duck
PQ241040.1,#1E88E5,Duck
PQ241041.1,#1E88E5,Duck
PQ272760.1,#2E7D32,Goose
PQ316314.1,#1E88E5,Duck
PQ536887.1,#BDBDBD,Unknown
PQ593523.1,#1E88E5,Duck
PQ593524.1,#1E88E5,Duck
PQ593525.1,#1E88E5,Duck
PQ593526.1,#1E88E5,Duck
PQ593527.1,#1E88E5,Duck
PQ593528.1,#1E88E5,Duck
PQ611594.1,#1E88E5,Duck
PQ611595.1,#2E7D32,Goose
PQ611596.1,#1E88E5,Duck
PQ807633.1,#1E88E5,Duck
PQ807634.1,#1E88E5,Duck
PQ807635.1,#1E88E5,Duck
PQ807636.1,#1E88E5,Duck
PQ807637.1,#1E88E5,Duck
PQ820738.1,#1E88E5,Duck
PV359174.1,#2E7D32,Goose
PV582069.1,#1E88E5,Duck
PV582070.1,#1E88E5,Duck
PV582071.1,#1E88E5,Duck
U34761.1,#2E7D32,Goose
X75093.1,#BDBDBD,Unknown
Z68272.1,#BDBDBD,Unknown
